2021:06:10 13:40:24 IST +0530,35291.2,125,"{'open': 35073.0, 'high': 35314.85, 'low': 34980.0, 'close': 35092.85}"
2021:06:10 13:40:25 IST +0530,35291.2,25,"{'open': 35073.0, 'high': 35314.85, 'low': 34980.0, 'close': 35092.85}"
2021:06:10 13:40:26 IST +0530,35291.2,25,"{'open': 35073.0, 'high': 35314.85, 'low': 34980.0, 'close': 35092.85}"
2021:06:10 13:40:27 IST +0530,35291.2,25,"{'open': 35073.0, 'high': 35314.85, 'low': 34980.0, 'close': 35092.85}"
2021:06:10 13:40:27 IST +0530,35291.2,25,"{'open': 35073.0, 'high': 35314.85, 'low': 34980.0, 'close': 35092.85}"
2021:06:10 13:40:28 IST +0530,35291.2,25,"{'open': 35073.0, 'high': 35314.85, 'low': 34980.0, 'close': 35092.85}"
2021:06:10 13:40:29 IST +0530,35291.2,25,"{'open': 35073.0, 'high': 35314.85, 'low': 34980.0, 'close': 35092.85}"
2021:06:10 13:40:29 IST +0530,35291.2,25,"{'open': 35073.0, 'high': 35314.85, 'low': 34980.0, 'close': 35092.85}"
2021:06:10 13:40:30 IST +0530,35291.2,25,"{'open': 35073.0, 'high': 35314.85, 'low': 34980.0, 'close': 35092.85}"
2021:06:10 13:40:31 IST +0530,35291.2,25,"{'open': 35073.0, 'high': 35314.85, 'low': 34980.0, 'close': 35092.85}"
2021:06:10 13:40:32 IST +0530,35291.2,25,"{'open': 35073.0, 'high': 35314.85, 'low': 34980.0, 'close': 35092.85}"
2021:06:10 13:40:33 IST +0530,35291.2,25,"{'open': 35073.0, 'high': 35314.85, 'low': 34980.0, 'close': 35092.85}"
2021:06:10 13:40:35 IST +0530,35291.2,25,"{'open': 35073.0, 'high': 35314.85, 'low': 34980.0, 'close': 35092.85}"
2021:06:10 13:40:36 IST +0530,35291.2,25,"{'open': 35073.0, 'high': 35314.85, 'low': 34980.0, 'close': 35092.85}"
2021:06:10 13:40:36 IST +0530,35291.2,25,"{'open': 35073.0, 'high': 35314.85, 'low': 34980.0, 'close': 35092.85}"
2021:06:10 13:40:37 IST +0530,35291.2,25,"{'open': 35073.0, 'high': 35314.85, 'low': 34980.0, 'close': 35092.85}"
2021:06:10 13:40:38 IST +0530,35291.2,25,"{'open': 35073.0, 'high': 35314.85, 'low': 34980.0, 'close': 35092.85}"
2021:06:10 13:40:38 IST +0530,35291.2,25,"{'open': 35073.0, 'high': 35314.85, 'low': 34980.0, 'close': 35092.85}"
2021:06:10 13:40:39 IST +0530,35291.2,25,"{'open': 35073.0, 'high': 35314.85, 'low': 34980.0, 'close': 35092.85}"
2021:06:10 13:40:39 IST +0530,35298.0,25,"{'open': 35073.0, 'high': 35314.85, 'low': 34980.0, 'close': 35092.85}"
2021:06:10 13:40:40 IST +0530,35298.0,25,"{'open': 35073.0, 'high': 35314.85, 'low': 34980.0, 'close': 35092.85}"
2021:06:10 13:40:41 IST +0530,35298.0,25,"{'open': 35073.0, 'high': 35314.85, 'low': 34980.0, 'close': 35092.85}"
2021:06:10 13:40:42 IST +0530,35298.0,25,"{'open': 35073.0, 'high': 35314.85, 'low': 34980.0, 'close': 35092.85}"
2021:06:10 13:40:42 IST +0530,35298.0,25,"{'open': 35073.0, 'high': 35314.85, 'low': 34980.0, 'close': 35092.85}"
2021:06:10 13:40:43 IST +0530,35298.0,25,"{'open': 35073.0, 'high': 35314.85, 'low': 34980.0, 'close': 35092.85}"
2021:06:10 13:40:44 IST +0530,35298.0,25,"{'open': 35073.0, 'high': 35314.85, 'low': 34980.0, 'close': 35092.85}"
2021:06:10 13:40:45 IST +0530,35298.0,25,"{'open': 35073.0, 'high': 35314.85, 'low': 34980.0, 'close': 35092.85}"
2021:06:10 13:40:47 IST +0530,35298.0,25,"{'open': 35073.0, 'high': 35314.85, 'low': 34980.0, 'close': 35092.85}"
2021:06:10 13:40:47 IST +0530,35298.0,25,"{'open': 35073.0, 'high': 35314.85, 'low': 34980.0, 'close': 35092.85}"
2021:06:10 13:40:48 IST +0530,35298.0,25,"{'open': 35073.0, 'high': 35314.85, 'low': 34980.0, 'close': 35092.85}"
2021:06:10 13:40:48 IST +0530,35298.0,25,"{'open': 35073.0, 'high': 35314.85, 'low': 34980.0, 'close': 35092.85}"
2021:06:10 13:40:49 IST +0530,35298.0,25,"{'open': 35073.0, 'high': 35314.85, 'low': 34980.0, 'close': 35092.85}"
2021:06:10 13:40:50 IST +0530,35298.0,25,"{'open': 35073.0, 'high': 35314.85, 'low': 34980.0, 'close': 35092.85}"
2021:06:10 13:40:50 IST +0530,35298.0,25,"{'open': 35073.0, 'high': 35314.85, 'low': 34980.0, 'close': 35092.85}"
2021:06:10 13:40:51 IST +0530,35298.0,25,"{'open': 35073.0, 'high': 35314.85, 'low': 34980.0, 'close': 35092.85}"
2021:06:10 13:40:51 IST +0530,35298.0,25,"{'open': 35073.0, 'high': 35314.85, 'low': 34980.0, 'close': 35092.85}"
2021:06:10 13:40:52 IST +0530,35298.0,25,"{'open': 35073.0, 'high': 35314.85, 'low': 34980.0, 'close': 35092.85}"
2021:06:10 13:40:52 IST +0530,35298.0,25,"{'open': 35073.0, 'high': 35314.85, 'low': 34980.0, 'close': 35092.85}"
2021:06:10 13:40:53 IST +0530,35298.0,25,"{'open': 35073.0, 'high': 35314.85, 'low': 34980.0, 'close': 35092.85}"
2021:06:10 13:40:54 IST +0530,35298.0,25,"{'open': 35073.0, 'high': 35314.85, 'low': 34980.0, 'close': 35092.85}"
2021:06:10 13:40:54 IST +0530,35298.0,25,"{'open': 35073.0, 'high': 35314.85, 'low': 34980.0, 'close': 35092.85}"
2021:06:10 13:40:55 IST +0530,35298.0,25,"{'open': 35073.0, 'high': 35314.85, 'low': 34980.0, 'close': 35092.85}"
2021:06:10 13:40:55 IST +0530,35298.0,25,"{'open': 35073.0, 'high': 35314.85, 'low': 34980.0, 'close': 35092.85}"
2021:06:10 13:40:56 IST +0530,35298.0,25,"{'open': 35073.0, 'high': 35314.85, 'low': 34980.0, 'close': 35092.85}"
2021:06:10 13:40:57 IST +0530,35298.0,25,"{'open': 35073.0, 'high': 35314.85, 'low': 34980.0, 'close': 35092.85}"
2021:06:10 13:40:57 IST +0530,35298.0,25,"{'open': 35073.0, 'high': 35314.85, 'low': 34980.0, 'close': 35092.85}"
2021:06:10 13:40:58 IST +0530,35298.0,25,"{'open': 35073.0, 'high': 35314.85, 'low': 34980.0, 'close': 35092.85}"
2021:06:10 13:40:58 IST +0530,35298.0,25,"{'open': 35073.0, 'high': 35314.85, 'low': 34980.0, 'close': 35092.85}"
2021:06:10 13:40:59 IST +0530,35298.0,25,"{'open': 35073.0, 'high': 35314.85, 'low': 34980.0, 'close': 35092.85}"
2021:06:10 13:41:00 IST +0530,35298.0,25,"{'open': 35073.0, 'high': 35314.85, 'low': 34980.0, 'close': 35092.85}"
2021:06:10 13:41:00 IST +0530,35298.0,25,"{'open': 35073.0, 'high': 35314.85, 'low': 34980.0, 'close': 35092.85}"
2021:06:10 13:41:02 IST +0530,35298.0,25,"{'open': 35073.0, 'high': 35314.85, 'low': 34980.0, 'close': 35092.85}"
2021:06:10 13:41:03 IST +0530,35298.0,25,"{'open': 35073.0, 'high': 35314.85, 'low': 34980.0, 'close': 35092.85}"
2021:06:10 13:41:04 IST +0530,35298.0,25,"{'open': 35073.0, 'high': 35314.85, 'low': 34980.0, 'close': 35092.85}"
2021:06:10 13:41:05 IST +0530,35292.65,25,"{'open': 35073.0, 'high': 35314.85, 'low': 34980.0, 'close': 35092.85}"
2021:06:10 13:41:06 IST +0530,35292.65,25,"{'open': 35073.0, 'high': 35314.85, 'low': 34980.0, 'close': 35092.85}"
2021:06:10 13:41:06 IST +0530,35292.65,25,"{'open': 35073.0, 'high': 35314.85, 'low': 34980.0, 'close': 35092.85}"
2021:06:10 13:41:07 IST +0530,35292.65,25,"{'open': 35073.0, 'high': 35314.85, 'low': 34980.0, 'close': 35092.85}"
2021:06:10 13:41:07 IST +0530,35292.65,25,"{'open': 35073.0, 'high': 35314.85, 'low': 34980.0, 'close': 35092.85}"
2021:06:10 13:41:08 IST +0530,35292.65,25,"{'open': 35073.0, 'high': 35314.85, 'low': 34980.0, 'close': 35092.85}"
2021:06:10 13:41:09 IST +0530,35292.65,25,"{'open': 35073.0, 'high': 35314.85, 'low': 34980.0, 'close': 35092.85}"
2021:06:10 13:41:09 IST +0530,35292.65,25,"{'open': 35073.0, 'high': 35314.85, 'low': 34980.0, 'close': 35092.85}"
2021:06:10 13:41:10 IST +0530,35292.65,25,"{'open': 35073.0, 'high': 35314.85, 'low': 34980.0, 'close': 35092.85}"
2021:06:10 13:41:10 IST +0530,35292.65,25,"{'open': 35073.0, 'high': 35314.85, 'low': 34980.0, 'close': 35092.85}"
2021:06:10 13:41:11 IST +0530,35292.65,25,"{'open': 35073.0, 'high': 35314.85, 'low': 34980.0, 'close': 35092.85}"
2021:06:10 13:41:12 IST +0530,35292.65,25,"{'open': 35073.0, 'high': 35314.85, 'low': 34980.0, 'close': 35092.85}"
2021:06:10 13:41:12 IST +0530,35292.65,25,"{'open': 35073.0, 'high': 35314.85, 'low': 34980.0, 'close': 35092.85}"
2021:06:10 13:41:13 IST +0530,35292.65,25,"{'open': 35073.0, 'high': 35314.85, 'low': 34980.0, 'close': 35092.85}"
2021:06:10 13:41:13 IST +0530,35292.65,25,"{'open': 35073.0, 'high': 35314.85, 'low': 34980.0, 'close': 35092.85}"
2021:06:10 13:41:14 IST +0530,35292.65,25,"{'open': 35073.0, 'high': 35314.85, 'low': 34980.0, 'close': 35092.85}"
2021:06:10 13:41:15 IST +0530,35292.65,25,"{'open': 35073.0, 'high': 35314.85, 'low': 34980.0, 'close': 35092.85}"
2021:06:10 13:41:15 IST +0530,35292.65,25,"{'open': 35073.0, 'high': 35314.85, 'low': 34980.0, 'close': 35092.85}"
2021:06:10 13:41:16 IST +0530,35292.65,25,"{'open': 35073.0, 'high': 35314.85, 'low': 34980.0, 'close': 35092.85}"
2021:06:10 13:41:17 IST +0530,35292.65,25,"{'open': 35073.0, 'high': 35314.85, 'low': 34980.0, 'close': 35092.85}"
2021:06:10 13:41:17 IST +0530,35292.65,25,"{'open': 35073.0, 'high': 35314.85, 'low': 34980.0, 'close': 35092.85}"
2021:06:10 13:41:18 IST +0530,35292.65,25,"{'open': 35073.0, 'high': 35314.85, 'low': 34980.0, 'close': 35092.85}"
2021:06:10 13:41:18 IST +0530,35292.65,25,"{'open': 35073.0, 'high': 35314.85, 'low': 34980.0, 'close': 35092.85}"
2021:06:10 13:41:19 IST +0530,35292.65,25,"{'open': 35073.0, 'high': 35314.85, 'low': 34980.0, 'close': 35092.85}"
2021:06:10 13:41:19 IST +0530,35292.65,25,"{'open': 35073.0, 'high': 35314.85, 'low': 34980.0, 'close': 35092.85}"
2021:06:10 13:41:20 IST +0530,35292.65,25,"{'open': 35073.0, 'high': 35314.85, 'low': 34980.0, 'close': 35092.85}"
2021:06:10 13:41:21 IST +0530,35292.65,25,"{'open': 35073.0, 'high': 35314.85, 'low': 34980.0, 'close': 35092.85}"
2021:06:10 13:41:21 IST +0530,35292.65,25,"{'open': 35073.0, 'high': 35314.85, 'low': 34980.0, 'close': 35092.85}"
2021:06:10 13:41:22 IST +0530,35292.65,25,"{'open': 35073.0, 'high': 35314.85, 'low': 34980.0, 'close': 35092.85}"
2021:06:10 13:41:22 IST +0530,35292.65,25,"{'open': 35073.0, 'high': 35314.85, 'low': 34980.0, 'close': 35092.85}"
2021:06:10 13:41:23 IST +0530,35292.65,25,"{'open': 35073.0, 'high': 35314.85, 'low': 34980.0, 'close': 35092.85}"
2021:06:10 13:41:24 IST +0530,35292.65,25,"{'open': 35073.0, 'high': 35314.85, 'low': 34980.0, 'close': 35092.85}"
2021:06:10 13:41:24 IST +0530,35292.65,25,"{'open': 35073.0, 'high': 35314.85, 'low': 34980.0, 'close': 35092.85}"
2021:06:10 13:41:25 IST +0530,35292.65,25,"{'open': 35073.0, 'high': 35314.85, 'low': 34980.0, 'close': 35092.85}"
2021:06:10 13:41:26 IST +0530,35292.65,25,"{'open': 35073.0, 'high': 35314.85, 'low': 34980.0, 'close': 35092.85}"
2021:06:10 13:41:27 IST +0530,35292.65,25,"{'open': 35073.0, 'high': 35314.85, 'low': 34980.0, 'close': 35092.85}"
2021:06:10 13:41:27 IST +0530,35292.65,25,"{'open': 35073.0, 'high': 35314.85, 'low': 34980.0, 'close': 35092.85}"
2021:06:10 13:41:28 IST +0530,35292.65,25,"{'open': 35073.0, 'high': 35314.85, 'low': 34980.0, 'close': 35092.85}"
2021:06:10 13:41:29 IST +0530,35292.65,25,"{'open': 35073.0, 'high': 35314.85, 'low': 34980.0, 'close': 35092.85}"
2021:06:10 13:41:30 IST +0530,35292.65,25,"{'open': 35073.0, 'high': 35314.85, 'low': 34980.0, 'close': 35092.85}"
2021:06:10 13:41:30 IST +0530,35292.65,25,"{'open': 35073.0, 'high': 35314.85, 'low': 34980.0, 'close': 35092.85}"
2021:06:10 13:41:31 IST +0530,35292.65,25,"{'open': 35073.0, 'high': 35314.85, 'low': 34980.0, 'close': 35092.85}"
2021:06:10 13:41:32 IST +0530,35292.65,25,"{'open': 35073.0, 'high': 35314.85, 'low': 34980.0, 'close': 35092.85}"
2021:06:10 13:41:33 IST +0530,35292.65,25,"{'open': 35073.0, 'high': 35314.85, 'low': 34980.0, 'close': 35092.85}"
2021:06:10 13:41:33 IST +0530,35292.65,25,"{'open': 35073.0, 'high': 35314.85, 'low': 34980.0, 'close': 35092.85}"
2021:06:10 13:41:34 IST +0530,35292.65,25,"{'open': 35073.0, 'high': 35314.85, 'low': 34980.0, 'close': 35092.85}"
2021:06:10 13:41:35 IST +0530,35292.65,25,"{'open': 35073.0, 'high': 35314.85, 'low': 34980.0, 'close': 35092.85}"
2021:06:10 13:41:36 IST +0530,35292.65,25,"{'open': 35073.0, 'high': 35314.85, 'low': 34980.0, 'close': 35092.85}"
2021:06:10 13:41:36 IST +0530,35292.65,25,"{'open': 35073.0, 'high': 35314.85, 'low': 34980.0, 'close': 35092.85}"
2021:06:10 13:41:37 IST +0530,35292.65,25,"{'open': 35073.0, 'high': 35314.85, 'low': 34980.0, 'close': 35092.85}"
2021:06:10 13:41:38 IST +0530,35292.65,25,"{'open': 35073.0, 'high': 35314.85, 'low': 34980.0, 'close': 35092.85}"
2021:06:10 13:41:39 IST +0530,35292.65,25,"{'open': 35073.0, 'high': 35314.85, 'low': 34980.0, 'close': 35092.85}"
2021:06:10 13:41:39 IST +0530,35292.65,25,"{'open': 35073.0, 'high': 35314.85, 'low': 34980.0, 'close': 35092.85}"
2021:06:10 13:41:40 IST +0530,35292.65,25,"{'open': 35073.0, 'high': 35314.85, 'low': 34980.0, 'close': 35092.85}"
2021:06:10 13:41:40 IST +0530,35292.65,25,"{'open': 35073.0, 'high': 35314.85, 'low': 34980.0, 'close': 35092.85}"
2021:06:10 13:41:41 IST +0530,35292.65,25,"{'open': 35073.0, 'high': 35314.85, 'low': 34980.0, 'close': 35092.85}"
2021:06:10 13:41:42 IST +0530,35292.65,25,"{'open': 35073.0, 'high': 35314.85, 'low': 34980.0, 'close': 35092.85}"
2021:06:10 13:41:42 IST +0530,35292.65,25,"{'open': 35073.0, 'high': 35314.85, 'low': 34980.0, 'close': 35092.85}"
2021:06:10 13:41:43 IST +0530,35292.65,25,"{'open': 35073.0, 'high': 35314.85, 'low': 34980.0, 'close': 35092.85}"
2021:06:10 13:41:43 IST +0530,35292.65,25,"{'open': 35073.0, 'high': 35314.85, 'low': 34980.0, 'close': 35092.85}"
2021:06:10 13:41:44 IST +0530,35292.65,25,"{'open': 35073.0, 'high': 35314.85, 'low': 34980.0, 'close': 35092.85}"
2021:06:10 13:41:45 IST +0530,35292.65,25,"{'open': 35073.0, 'high': 35314.85, 'low': 34980.0, 'close': 35092.85}"
2021:06:10 13:41:45 IST +0530,35292.65,25,"{'open': 35073.0, 'high': 35314.85, 'low': 34980.0, 'close': 35092.85}"
2021:06:10 13:41:46 IST +0530,35292.65,25,"{'open': 35073.0, 'high': 35314.85, 'low': 34980.0, 'close': 35092.85}"
2021:06:10 13:41:46 IST +0530,35292.65,25,"{'open': 35073.0, 'high': 35314.85, 'low': 34980.0, 'close': 35092.85}"
2021:06:10 13:41:47 IST +0530,35292.65,25,"{'open': 35073.0, 'high': 35314.85, 'low': 34980.0, 'close': 35092.85}"
2021:06:10 13:41:48 IST +0530,35292.65,25,"{'open': 35073.0, 'high': 35314.85, 'low': 34980.0, 'close': 35092.85}"
2021:06:10 13:41:48 IST +0530,35292.65,25,"{'open': 35073.0, 'high': 35314.85, 'low': 34980.0, 'close': 35092.85}"
2021:06:10 13:41:49 IST +0530,35292.65,25,"{'open': 35073.0, 'high': 35314.85, 'low': 34980.0, 'close': 35092.85}"
2021:06:10 13:41:49 IST +0530,35292.65,25,"{'open': 35073.0, 'high': 35314.85, 'low': 34980.0, 'close': 35092.85}"
2021:06:10 13:41:51 IST +0530,35292.65,25,"{'open': 35073.0, 'high': 35314.85, 'low': 34980.0, 'close': 35092.85}"
2021:06:10 13:41:52 IST +0530,35292.65,25,"{'open': 35073.0, 'high': 35314.85, 'low': 34980.0, 'close': 35092.85}"
2021:06:10 13:41:53 IST +0530,35292.65,25,"{'open': 35073.0, 'high': 35314.85, 'low': 34980.0, 'close': 35092.85}"
2021:06:10 13:41:53 IST +0530,35292.65,25,"{'open': 35073.0, 'high': 35314.85, 'low': 34980.0, 'close': 35092.85}"
2021:06:10 13:41:54 IST +0530,35292.65,25,"{'open': 35073.0, 'high': 35314.85, 'low': 34980.0, 'close': 35092.85}"
2021:06:10 13:41:54 IST +0530,35292.65,25,"{'open': 35073.0, 'high': 35314.85, 'low': 34980.0, 'close': 35092.85}"
2021:06:10 13:41:55 IST +0530,35292.65,25,"{'open': 35073.0, 'high': 35314.85, 'low': 34980.0, 'close': 35092.85}"
2021:06:10 13:41:55 IST +0530,35292.65,25,"{'open': 35073.0, 'high': 35314.85, 'low': 34980.0, 'close': 35092.85}"
2021:06:10 13:41:56 IST +0530,35292.65,25,"{'open': 35073.0, 'high': 35314.85, 'low': 34980.0, 'close': 35092.85}"
2021:06:10 13:41:57 IST +0530,35271.35,25,"{'open': 35073.0, 'high': 35314.85, 'low': 34980.0, 'close': 35092.85}"
2021:06:10 13:41:57 IST +0530,35271.35,25,"{'open': 35073.0, 'high': 35314.85, 'low': 34980.0, 'close': 35092.85}"
2021:06:10 13:41:58 IST +0530,35271.35,25,"{'open': 35073.0, 'high': 35314.85, 'low': 34980.0, 'close': 35092.85}"
2021:06:10 13:41:58 IST +0530,35271.35,25,"{'open': 35073.0, 'high': 35314.85, 'low': 34980.0, 'close': 35092.85}"
2021:06:10 13:41:59 IST +0530,35271.35,25,"{'open': 35073.0, 'high': 35314.85, 'low': 34980.0, 'close': 35092.85}"
2021:06:10 13:42:00 IST +0530,35271.35,25,"{'open': 35073.0, 'high': 35314.85, 'low': 34980.0, 'close': 35092.85}"
2021:06:10 13:42:01 IST +0530,35271.35,25,"{'open': 35073.0, 'high': 35314.85, 'low': 34980.0, 'close': 35092.85}"
2021:06:10 13:42:02 IST +0530,35271.35,25,"{'open': 35073.0, 'high': 35314.85, 'low': 34980.0, 'close': 35092.85}"
2021:06:10 13:42:03 IST +0530,35271.35,25,"{'open': 35073.0, 'high': 35314.85, 'low': 34980.0, 'close': 35092.85}"
2021:06:10 13:42:04 IST +0530,35271.35,25,"{'open': 35073.0, 'high': 35314.85, 'low': 34980.0, 'close': 35092.85}"
2021:06:10 13:42:06 IST +0530,35271.35,25,"{'open': 35073.0, 'high': 35314.85, 'low': 34980.0, 'close': 35092.85}"
2021:06:10 13:42:07 IST +0530,35271.35,25,"{'open': 35073.0, 'high': 35314.85, 'low': 34980.0, 'close': 35092.85}"
2021:06:10 13:42:08 IST +0530,35271.35,25,"{'open': 35073.0, 'high': 35314.85, 'low': 34980.0, 'close': 35092.85}"
2021:06:10 13:42:09 IST +0530,35271.35,25,"{'open': 35073.0, 'high': 35314.85, 'low': 34980.0, 'close': 35092.85}"
2021:06:10 13:42:11 IST +0530,35271.35,25,"{'open': 35073.0, 'high': 35314.85, 'low': 34980.0, 'close': 35092.85}"
2021:06:10 13:42:12 IST +0530,35271.35,25,"{'open': 35073.0, 'high': 35314.85, 'low': 34980.0, 'close': 35092.85}"
2021:06:10 13:42:12 IST +0530,35271.35,25,"{'open': 35073.0, 'high': 35314.85, 'low': 34980.0, 'close': 35092.85}"
2021:06:10 13:42:13 IST +0530,35271.35,25,"{'open': 35073.0, 'high': 35314.85, 'low': 34980.0, 'close': 35092.85}"
2021:06:10 13:42:14 IST +0530,35271.35,25,"{'open': 35073.0, 'high': 35314.85, 'low': 34980.0, 'close': 35092.85}"
2021:06:10 13:42:15 IST +0530,35271.35,25,"{'open': 35073.0, 'high': 35314.85, 'low': 34980.0, 'close': 35092.85}"
2021:06:10 13:42:15 IST +0530,35271.35,25,"{'open': 35073.0, 'high': 35314.85, 'low': 34980.0, 'close': 35092.85}"
2021:06:10 13:42:16 IST +0530,35271.0,25,"{'open': 35073.0, 'high': 35314.85, 'low': 34980.0, 'close': 35092.85}"
2021:06:10 13:42:16 IST +0530,35271.0,25,"{'open': 35073.0, 'high': 35314.85, 'low': 34980.0, 'close': 35092.85}"
2021:06:10 13:42:17 IST +0530,35271.0,25,"{'open': 35073.0, 'high': 35314.85, 'low': 34980.0, 'close': 35092.85}"
2021:06:10 13:42:18 IST +0530,35271.0,25,"{'open': 35073.0, 'high': 35314.85, 'low': 34980.0, 'close': 35092.85}"
2021:06:10 13:42:18 IST +0530,35271.0,25,"{'open': 35073.0, 'high': 35314.85, 'low': 34980.0, 'close': 35092.85}"
2021:06:10 13:42:19 IST +0530,35271.0,25,"{'open': 35073.0, 'high': 35314.85, 'low': 34980.0, 'close': 35092.85}"
2021:06:10 13:42:20 IST +0530,35271.0,25,"{'open': 35073.0, 'high': 35314.85, 'low': 34980.0, 'close': 35092.85}"
2021:06:10 13:42:21 IST +0530,35271.0,25,"{'open': 35073.0, 'high': 35314.85, 'low': 34980.0, 'close': 35092.85}"
2021:06:10 13:42:21 IST +0530,35271.0,25,"{'open': 35073.0, 'high': 35314.85, 'low': 34980.0, 'close': 35092.85}"
2021:06:10 13:42:22 IST +0530,35271.0,25,"{'open': 35073.0, 'high': 35314.85, 'low': 34980.0, 'close': 35092.85}"
2021:06:10 13:42:23 IST +0530,35271.0,25,"{'open': 35073.0, 'high': 35314.85, 'low': 34980.0, 'close': 35092.85}"
2021:06:10 13:42:24 IST +0530,35271.0,25,"{'open': 35073.0, 'high': 35314.85, 'low': 34980.0, 'close': 35092.85}"
2021:06:10 13:42:24 IST +0530,35260.0,25,"{'open': 35073.0, 'high': 35314.85, 'low': 34980.0, 'close': 35092.85}"
2021:06:10 13:42:25 IST +0530,35260.0,25,"{'open': 35073.0, 'high': 35314.85, 'low': 34980.0, 'close': 35092.85}"
2021:06:10 13:42:25 IST +0530,35260.0,25,"{'open': 35073.0, 'high': 35314.85, 'low': 34980.0, 'close': 35092.85}"
2021:06:10 13:42:26 IST +0530,35260.0,25,"{'open': 35073.0, 'high': 35314.85, 'low': 34980.0, 'close': 35092.85}"
2021:06:10 13:42:27 IST +0530,35260.0,25,"{'open': 35073.0, 'high': 35314.85, 'low': 34980.0, 'close': 35092.85}"
2021:06:10 13:42:27 IST +0530,35235.5,25,"{'open': 35073.0, 'high': 35314.85, 'low': 34980.0, 'close': 35092.85}"
2021:06:10 13:42:29 IST +0530,35235.5,25,"{'open': 35073.0, 'high': 35314.85, 'low': 34980.0, 'close': 35092.85}"
2021:06:10 13:42:29 IST +0530,35235.3,25,"{'open': 35073.0, 'high': 35314.85, 'low': 34980.0, 'close': 35092.85}"
2021:06:10 13:42:30 IST +0530,35235.3,25,"{'open': 35073.0, 'high': 35314.85, 'low': 34980.0, 'close': 35092.85}"
2021:06:10 13:42:30 IST +0530,35235.3,25,"{'open': 35073.0, 'high': 35314.85, 'low': 34980.0, 'close': 35092.85}"
2021:06:10 13:42:32 IST +0530,35244.8,25,"{'open': 35073.0, 'high': 35314.85, 'low': 34980.0, 'close': 35092.85}"
2021:06:10 13:42:32 IST +0530,35244.8,25,"{'open': 35073.0, 'high': 35314.85, 'low': 34980.0, 'close': 35092.85}"
2021:06:10 13:42:33 IST +0530,35244.8,25,"{'open': 35073.0, 'high': 35314.85, 'low': 34980.0, 'close': 35092.85}"
2021:06:10 13:42:33 IST +0530,35244.8,25,"{'open': 35073.0, 'high': 35314.85, 'low': 34980.0, 'close': 35092.85}"
2021:06:10 13:42:34 IST +0530,35234.35,25,"{'open': 35073.0, 'high': 35314.85, 'low': 34980.0, 'close': 35092.85}"
2021:06:10 13:42:34 IST +0530,35234.35,25,"{'open': 35073.0, 'high': 35314.85, 'low': 34980.0, 'close': 35092.85}"
2021:06:10 13:42:35 IST +0530,35234.35,25,"{'open': 35073.0, 'high': 35314.85, 'low': 34980.0, 'close': 35092.85}"
2021:06:10 13:42:36 IST +0530,35234.35,25,"{'open': 35073.0, 'high': 35314.85, 'low': 34980.0, 'close': 35092.85}"
2021:06:10 13:42:36 IST +0530,35234.35,25,"{'open': 35073.0, 'high': 35314.85, 'low': 34980.0, 'close': 35092.85}"
2021:06:10 13:42:37 IST +0530,35234.35,25,"{'open': 35073.0, 'high': 35314.85, 'low': 34980.0, 'close': 35092.85}"
2021:06:10 13:42:38 IST +0530,35234.35,25,"{'open': 35073.0, 'high': 35314.85, 'low': 34980.0, 'close': 35092.85}"
2021:06:10 13:42:39 IST +0530,35234.35,25,"{'open': 35073.0, 'high': 35314.85, 'low': 34980.0, 'close': 35092.85}"
2021:06:10 13:42:39 IST +0530,35234.35,25,"{'open': 35073.0, 'high': 35314.85, 'low': 34980.0, 'close': 35092.85}"
2021:06:10 13:42:41 IST +0530,35234.35,25,"{'open': 35073.0, 'high': 35314.85, 'low': 34980.0, 'close': 35092.85}"
2021:06:10 13:42:41 IST +0530,35234.35,25,"{'open': 35073.0, 'high': 35314.85, 'low': 34980.0, 'close': 35092.85}"
2021:06:10 13:42:42 IST +0530,35234.35,25,"{'open': 35073.0, 'high': 35314.85, 'low': 34980.0, 'close': 35092.85}"
2021:06:10 13:42:42 IST +0530,35234.35,25,"{'open': 35073.0, 'high': 35314.85, 'low': 34980.0, 'close': 35092.85}"
2021:06:10 13:42:43 IST +0530,35234.35,25,"{'open': 35073.0, 'high': 35314.85, 'low': 34980.0, 'close': 35092.85}"
2021:06:10 13:42:44 IST +0530,35234.35,25,"{'open': 35073.0, 'high': 35314.85, 'low': 34980.0, 'close': 35092.85}"
2021:06:10 13:42:45 IST +0530,35234.35,25,"{'open': 35073.0, 'high': 35314.85, 'low': 34980.0, 'close': 35092.85}"
2021:06:10 13:42:45 IST +0530,35234.35,25,"{'open': 35073.0, 'high': 35314.85, 'low': 34980.0, 'close': 35092.85}"
2021:06:10 13:42:46 IST +0530,35234.35,25,"{'open': 35073.0, 'high': 35314.85, 'low': 34980.0, 'close': 35092.85}"
2021:06:10 13:42:47 IST +0530,35234.35,25,"{'open': 35073.0, 'high': 35314.85, 'low': 34980.0, 'close': 35092.85}"
2021:06:10 13:42:48 IST +0530,35234.35,25,"{'open': 35073.0, 'high': 35314.85, 'low': 34980.0, 'close': 35092.85}"
2021:06:10 13:42:48 IST +0530,35234.35,25,"{'open': 35073.0, 'high': 35314.85, 'low': 34980.0, 'close': 35092.85}"
2021:06:10 13:42:49 IST +0530,35245.75,100,"{'open': 35073.0, 'high': 35314.85, 'low': 34980.0, 'close': 35092.85}"
2021:06:10 13:42:49 IST +0530,35245.75,100,"{'open': 35073.0, 'high': 35314.85, 'low': 34980.0, 'close': 35092.85}"
2021:06:10 13:42:50 IST +0530,35245.75,100,"{'open': 35073.0, 'high': 35314.85, 'low': 34980.0, 'close': 35092.85}"
2021:06:10 13:42:51 IST +0530,35245.75,100,"{'open': 35073.0, 'high': 35314.85, 'low': 34980.0, 'close': 35092.85}"
2021:06:10 13:42:51 IST +0530,35245.75,100,"{'open': 35073.0, 'high': 35314.85, 'low': 34980.0, 'close': 35092.85}"
2021:06:10 13:42:52 IST +0530,35245.75,100,"{'open': 35073.0, 'high': 35314.85, 'low': 34980.0, 'close': 35092.85}"
2021:06:10 13:42:53 IST +0530,35245.75,100,"{'open': 35073.0, 'high': 35314.85, 'low': 34980.0, 'close': 35092.85}"
2021:06:10 13:42:54 IST +0530,35245.75,100,"{'open': 35073.0, 'high': 35314.85, 'low': 34980.0, 'close': 35092.85}"
2021:06:10 13:42:54 IST +0530,35245.75,100,"{'open': 35073.0, 'high': 35314.85, 'low': 34980.0, 'close': 35092.85}"
2021:06:10 13:42:55 IST +0530,35245.75,100,"{'open': 35073.0, 'high': 35314.85, 'low': 34980.0, 'close': 35092.85}"
2021:06:10 13:42:56 IST +0530,35245.75,100,"{'open': 35073.0, 'high': 35314.85, 'low': 34980.0, 'close': 35092.85}"
2021:06:10 13:42:57 IST +0530,35245.75,100,"{'open': 35073.0, 'high': 35314.85, 'low': 34980.0, 'close': 35092.85}"
2021:06:10 13:42:57 IST +0530,35245.75,100,"{'open': 35073.0, 'high': 35314.85, 'low': 34980.0, 'close': 35092.85}"
2021:06:10 13:42:58 IST +0530,35245.75,100,"{'open': 35073.0, 'high': 35314.85, 'low': 34980.0, 'close': 35092.85}"
2021:06:10 13:42:59 IST +0530,35245.75,100,"{'open': 35073.0, 'high': 35314.85, 'low': 34980.0, 'close': 35092.85}"
2021:06:10 13:43:00 IST +0530,35245.75,100,"{'open': 35073.0, 'high': 35314.85, 'low': 34980.0, 'close': 35092.85}"
2021:06:10 13:43:00 IST +0530,35249.15,25,"{'open': 35073.0, 'high': 35314.85, 'low': 34980.0, 'close': 35092.85}"
2021:06:10 13:43:01 IST +0530,35249.15,25,"{'open': 35073.0, 'high': 35314.85, 'low': 34980.0, 'close': 35092.85}"
2021:06:10 13:43:02 IST +0530,35249.15,25,"{'open': 35073.0, 'high': 35314.85, 'low': 34980.0, 'close': 35092.85}"
2021:06:10 13:43:03 IST +0530,35249.15,25,"{'open': 35073.0, 'high': 35314.85, 'low': 34980.0, 'close': 35092.85}"
2021:06:10 13:43:03 IST +0530,35249.15,25,"{'open': 35073.0, 'high': 35314.85, 'low': 34980.0, 'close': 35092.85}"
2021:06:10 13:43:04 IST +0530,35258.25,75,"{'open': 35073.0, 'high': 35314.85, 'low': 34980.0, 'close': 35092.85}"
2021:06:10 13:43:04 IST +0530,35258.25,75,"{'open': 35073.0, 'high': 35314.85, 'low': 34980.0, 'close': 35092.85}"
2021:06:10 13:43:05 IST +0530,35258.25,75,"{'open': 35073.0, 'high': 35314.85, 'low': 34980.0, 'close': 35092.85}"
2021:06:10 13:43:06 IST +0530,35258.25,75,"{'open': 35073.0, 'high': 35314.85, 'low': 34980.0, 'close': 35092.85}"
2021:06:10 13:43:06 IST +0530,35258.25,75,"{'open': 35073.0, 'high': 35314.85, 'low': 34980.0, 'close': 35092.85}"
2021:06:10 13:43:08 IST +0530,35258.25,75,"{'open': 35073.0, 'high': 35314.85, 'low': 34980.0, 'close': 35092.85}"
2021:06:10 13:43:08 IST +0530,35258.25,75,"{'open': 35073.0, 'high': 35314.85, 'low': 34980.0, 'close': 35092.85}"
2021:06:10 13:43:09 IST +0530,35258.25,75,"{'open': 35073.0, 'high': 35314.85, 'low': 34980.0, 'close': 35092.85}"
2021:06:10 13:43:09 IST +0530,35258.25,75,"{'open': 35073.0, 'high': 35314.85, 'low': 34980.0, 'close': 35092.85}"
2021:06:10 13:43:10 IST +0530,35258.25,75,"{'open': 35073.0, 'high': 35314.85, 'low': 34980.0, 'close': 35092.85}"
2021:06:10 13:43:11 IST +0530,35258.25,75,"{'open': 35073.0, 'high': 35314.85, 'low': 34980.0, 'close': 35092.85}"
2021:06:10 13:43:12 IST +0530,35258.25,75,"{'open': 35073.0, 'high': 35314.85, 'low': 34980.0, 'close': 35092.85}"
2021:06:10 13:43:12 IST +0530,35258.25,75,"{'open': 35073.0, 'high': 35314.85, 'low': 34980.0, 'close': 35092.85}"
2021:06:10 13:43:13 IST +0530,35258.25,75,"{'open': 35073.0, 'high': 35314.85, 'low': 34980.0, 'close': 35092.85}"
2021:06:10 13:43:14 IST +0530,35258.25,75,"{'open': 35073.0, 'high': 35314.85, 'low': 34980.0, 'close': 35092.85}"
2021:06:10 13:43:14 IST +0530,35258.25,75,"{'open': 35073.0, 'high': 35314.85, 'low': 34980.0, 'close': 35092.85}"
2021:06:10 13:43:15 IST +0530,35258.25,75,"{'open': 35073.0, 'high': 35314.85, 'low': 34980.0, 'close': 35092.85}"
2021:06:10 13:43:15 IST +0530,35258.25,75,"{'open': 35073.0, 'high': 35314.85, 'low': 34980.0, 'close': 35092.85}"
2021:06:10 13:43:16 IST +0530,35258.25,75,"{'open': 35073.0, 'high': 35314.85, 'low': 34980.0, 'close': 35092.85}"
2021:06:10 13:43:16 IST +0530,35258.25,75,"{'open': 35073.0, 'high': 35314.85, 'low': 34980.0, 'close': 35092.85}"
2021:06:10 13:43:17 IST +0530,35258.25,75,"{'open': 35073.0, 'high': 35314.85, 'low': 34980.0, 'close': 35092.85}"
2021:06:10 13:43:18 IST +0530,35258.25,75,"{'open': 35073.0, 'high': 35314.85, 'low': 34980.0, 'close': 35092.85}"
2021:06:10 13:43:18 IST +0530,35258.25,75,"{'open': 35073.0, 'high': 35314.85, 'low': 34980.0, 'close': 35092.85}"
2021:06:10 13:43:19 IST +0530,35258.25,75,"{'open': 35073.0, 'high': 35314.85, 'low': 34980.0, 'close': 35092.85}"
2021:06:10 13:43:19 IST +0530,35258.25,75,"{'open': 35073.0, 'high': 35314.85, 'low': 34980.0, 'close': 35092.85}"
2021:06:10 13:43:20 IST +0530,35258.25,75,"{'open': 35073.0, 'high': 35314.85, 'low': 34980.0, 'close': 35092.85}"
2021:06:10 13:43:21 IST +0530,35258.25,75,"{'open': 35073.0, 'high': 35314.85, 'low': 34980.0, 'close': 35092.85}"
2021:06:10 13:43:21 IST +0530,35258.25,75,"{'open': 35073.0, 'high': 35314.85, 'low': 34980.0, 'close': 35092.85}"
2021:06:10 13:43:22 IST +0530,35258.25,75,"{'open': 35073.0, 'high': 35314.85, 'low': 34980.0, 'close': 35092.85}"
2021:06:10 13:43:22 IST +0530,35258.25,75,"{'open': 35073.0, 'high': 35314.85, 'low': 34980.0, 'close': 35092.85}"
2021:06:10 13:43:23 IST +0530,35258.25,75,"{'open': 35073.0, 'high': 35314.85, 'low': 34980.0, 'close': 35092.85}"
2021:06:10 13:43:24 IST +0530,35258.25,75,"{'open': 35073.0, 'high': 35314.85, 'low': 34980.0, 'close': 35092.85}"
2021:06:10 13:43:24 IST +0530,35258.25,75,"{'open': 35073.0, 'high': 35314.85, 'low': 34980.0, 'close': 35092.85}"
2021:06:10 13:43:25 IST +0530,35258.25,75,"{'open': 35073.0, 'high': 35314.85, 'low': 34980.0, 'close': 35092.85}"
2021:06:10 13:43:25 IST +0530,35258.25,75,"{'open': 35073.0, 'high': 35314.85, 'low': 34980.0, 'close': 35092.85}"
2021:06:10 13:43:26 IST +0530,35258.25,75,"{'open': 35073.0, 'high': 35314.85, 'low': 34980.0, 'close': 35092.85}"
2021:06:10 13:43:27 IST +0530,35258.25,75,"{'open': 35073.0, 'high': 35314.85, 'low': 34980.0, 'close': 35092.85}"
2021:06:10 13:43:27 IST +0530,35258.25,75,"{'open': 35073.0, 'high': 35314.85, 'low': 34980.0, 'close': 35092.85}"
2021:06:10 13:43:28 IST +0530,35258.25,75,"{'open': 35073.0, 'high': 35314.85, 'low': 34980.0, 'close': 35092.85}"
2021:06:10 13:43:29 IST +0530,35238.65,25,"{'open': 35073.0, 'high': 35314.85, 'low': 34980.0, 'close': 35092.85}"
2021:06:10 13:43:29 IST +0530,35238.65,25,"{'open': 35073.0, 'high': 35314.85, 'low': 34980.0, 'close': 35092.85}"
2021:06:10 13:43:30 IST +0530,35238.65,25,"{'open': 35073.0, 'high': 35314.85, 'low': 34980.0, 'close': 35092.85}"
2021:06:10 13:43:30 IST +0530,35238.65,25,"{'open': 35073.0, 'high': 35314.85, 'low': 34980.0, 'close': 35092.85}"
2021:06:10 13:43:31 IST +0530,35238.65,25,"{'open': 35073.0, 'high': 35314.85, 'low': 34980.0, 'close': 35092.85}"
2021:06:10 13:43:31 IST +0530,35238.65,25,"{'open': 35073.0, 'high': 35314.85, 'low': 34980.0, 'close': 35092.85}"
2021:06:10 13:43:32 IST +0530,35238.65,25,"{'open': 35073.0, 'high': 35314.85, 'low': 34980.0, 'close': 35092.85}"
2021:06:10 13:43:33 IST +0530,35238.65,25,"{'open': 35073.0, 'high': 35314.85, 'low': 34980.0, 'close': 35092.85}"
2021:06:10 13:43:33 IST +0530,35238.65,25,"{'open': 35073.0, 'high': 35314.85, 'low': 34980.0, 'close': 35092.85}"
2021:06:10 13:43:34 IST +0530,35238.65,25,"{'open': 35073.0, 'high': 35314.85, 'low': 34980.0, 'close': 35092.85}"
2021:06:10 13:43:35 IST +0530,35238.65,25,"{'open': 35073.0, 'high': 35314.85, 'low': 34980.0, 'close': 35092.85}"
2021:06:10 13:43:35 IST +0530,35238.65,25,"{'open': 35073.0, 'high': 35314.85, 'low': 34980.0, 'close': 35092.85}"
2021:06:10 13:43:36 IST +0530,35236.9,25,"{'open': 35073.0, 'high': 35314.85, 'low': 34980.0, 'close': 35092.85}"
2021:06:10 13:43:36 IST +0530,35236.9,25,"{'open': 35073.0, 'high': 35314.85, 'low': 34980.0, 'close': 35092.85}"
2021:06:10 13:43:37 IST +0530,35236.9,25,"{'open': 35073.0, 'high': 35314.85, 'low': 34980.0, 'close': 35092.85}"
2021:06:10 13:43:37 IST +0530,35236.9,25,"{'open': 35073.0, 'high': 35314.85, 'low': 34980.0, 'close': 35092.85}"
2021:06:10 13:43:38 IST +0530,35235.45,25,"{'open': 35073.0, 'high': 35314.85, 'low': 34980.0, 'close': 35092.85}"
2021:06:10 13:43:39 IST +0530,35236.5,25,"{'open': 35073.0, 'high': 35314.85, 'low': 34980.0, 'close': 35092.85}"
2021:06:10 13:43:39 IST +0530,35236.5,25,"{'open': 35073.0, 'high': 35314.85, 'low': 34980.0, 'close': 35092.85}"
2021:06:10 13:43:40 IST +0530,35236.5,25,"{'open': 35073.0, 'high': 35314.85, 'low': 34980.0, 'close': 35092.85}"
2021:06:10 13:43:41 IST +0530,35236.5,25,"{'open': 35073.0, 'high': 35314.85, 'low': 34980.0, 'close': 35092.85}"
2021:06:10 13:43:41 IST +0530,35236.5,25,"{'open': 35073.0, 'high': 35314.85, 'low': 34980.0, 'close': 35092.85}"
2021:06:10 13:43:42 IST +0530,35236.5,25,"{'open': 35073.0, 'high': 35314.85, 'low': 34980.0, 'close': 35092.85}"
2021:06:10 13:43:42 IST +0530,35236.5,25,"{'open': 35073.0, 'high': 35314.85, 'low': 34980.0, 'close': 35092.85}"
2021:06:10 13:43:43 IST +0530,35236.5,25,"{'open': 35073.0, 'high': 35314.85, 'low': 34980.0, 'close': 35092.85}"
2021:06:10 13:43:44 IST +0530,35236.5,25,"{'open': 35073.0, 'high': 35314.85, 'low': 34980.0, 'close': 35092.85}"
2021:06:10 13:43:44 IST +0530,35236.5,25,"{'open': 35073.0, 'high': 35314.85, 'low': 34980.0, 'close': 35092.85}"
2021:06:10 13:43:45 IST +0530,35236.5,25,"{'open': 35073.0, 'high': 35314.85, 'low': 34980.0, 'close': 35092.85}"
2021:06:10 13:43:45 IST +0530,35236.5,25,"{'open': 35073.0, 'high': 35314.85, 'low': 34980.0, 'close': 35092.85}"
2021:06:10 13:43:46 IST +0530,35236.5,25,"{'open': 35073.0, 'high': 35314.85, 'low': 34980.0, 'close': 35092.85}"
2021:06:10 13:43:46 IST +0530,35236.5,25,"{'open': 35073.0, 'high': 35314.85, 'low': 34980.0, 'close': 35092.85}"
2021:06:10 13:43:47 IST +0530,35236.5,25,"{'open': 35073.0, 'high': 35314.85, 'low': 34980.0, 'close': 35092.85}"
2021:06:10 13:43:48 IST +0530,35236.5,25,"{'open': 35073.0, 'high': 35314.85, 'low': 34980.0, 'close': 35092.85}"
2021:06:10 13:43:48 IST +0530,35236.5,25,"{'open': 35073.0, 'high': 35314.85, 'low': 34980.0, 'close': 35092.85}"
2021:06:10 13:43:49 IST +0530,35236.5,25,"{'open': 35073.0, 'high': 35314.85, 'low': 34980.0, 'close': 35092.85}"
2021:06:10 13:43:50 IST +0530,35236.5,25,"{'open': 35073.0, 'high': 35314.85, 'low': 34980.0, 'close': 35092.85}"
2021:06:10 13:43:50 IST +0530,35236.5,25,"{'open': 35073.0, 'high': 35314.85, 'low': 34980.0, 'close': 35092.85}"
2021:06:10 13:43:51 IST +0530,35236.5,25,"{'open': 35073.0, 'high': 35314.85, 'low': 34980.0, 'close': 35092.85}"
2021:06:10 13:43:51 IST +0530,35236.5,25,"{'open': 35073.0, 'high': 35314.85, 'low': 34980.0, 'close': 35092.85}"
2021:06:10 13:43:52 IST +0530,35236.5,25,"{'open': 35073.0, 'high': 35314.85, 'low': 34980.0, 'close': 35092.85}"
2021:06:10 13:43:52 IST +0530,35236.5,25,"{'open': 35073.0, 'high': 35314.85, 'low': 34980.0, 'close': 35092.85}"
2021:06:10 13:43:53 IST +0530,35236.5,25,"{'open': 35073.0, 'high': 35314.85, 'low': 34980.0, 'close': 35092.85}"
2021:06:10 13:43:54 IST +0530,35236.5,25,"{'open': 35073.0, 'high': 35314.85, 'low': 34980.0, 'close': 35092.85}"
2021:06:10 13:43:54 IST +0530,35236.5,25,"{'open': 35073.0, 'high': 35314.85, 'low': 34980.0, 'close': 35092.85}"
2021:06:10 13:43:55 IST +0530,35236.5,25,"{'open': 35073.0, 'high': 35314.85, 'low': 34980.0, 'close': 35092.85}"
2021:06:10 13:43:55 IST +0530,35236.5,25,"{'open': 35073.0, 'high': 35314.85, 'low': 34980.0, 'close': 35092.85}"
2021:06:10 13:43:56 IST +0530,35236.5,25,"{'open': 35073.0, 'high': 35314.85, 'low': 34980.0, 'close': 35092.85}"
2021:06:10 13:43:57 IST +0530,35236.5,25,"{'open': 35073.0, 'high': 35314.85, 'low': 34980.0, 'close': 35092.85}"
2021:06:10 13:43:57 IST +0530,35236.5,25,"{'open': 35073.0, 'high': 35314.85, 'low': 34980.0, 'close': 35092.85}"
2021:06:10 13:43:59 IST +0530,35236.5,25,"{'open': 35073.0, 'high': 35314.85, 'low': 34980.0, 'close': 35092.85}"
2021:06:10 13:44:00 IST +0530,35236.5,25,"{'open': 35073.0, 'high': 35314.85, 'low': 34980.0, 'close': 35092.85}"
2021:06:10 13:44:00 IST +0530,35236.5,25,"{'open': 35073.0, 'high': 35314.85, 'low': 34980.0, 'close': 35092.85}"
2021:06:10 13:44:01 IST +0530,35236.5,25,"{'open': 35073.0, 'high': 35314.85, 'low': 34980.0, 'close': 35092.85}"
2021:06:10 13:44:03 IST +0530,35236.5,25,"{'open': 35073.0, 'high': 35314.85, 'low': 34980.0, 'close': 35092.85}"
2021:06:10 13:44:03 IST +0530,35236.5,25,"{'open': 35073.0, 'high': 35314.85, 'low': 34980.0, 'close': 35092.85}"
2021:06:10 13:44:04 IST +0530,35236.5,25,"{'open': 35073.0, 'high': 35314.85, 'low': 34980.0, 'close': 35092.85}"
2021:06:10 13:44:06 IST +0530,35236.5,25,"{'open': 35073.0, 'high': 35314.85, 'low': 34980.0, 'close': 35092.85}"
2021:06:10 13:44:06 IST +0530,35236.5,25,"{'open': 35073.0, 'high': 35314.85, 'low': 34980.0, 'close': 35092.85}"
2021:06:10 13:44:07 IST +0530,35236.5,25,"{'open': 35073.0, 'high': 35314.85, 'low': 34980.0, 'close': 35092.85}"
2021:06:10 13:44:09 IST +0530,35236.5,25,"{'open': 35073.0, 'high': 35314.85, 'low': 34980.0, 'close': 35092.85}"
2021:06:10 13:44:09 IST +0530,35236.5,25,"{'open': 35073.0, 'high': 35314.85, 'low': 34980.0, 'close': 35092.85}"
2021:06:10 13:44:10 IST +0530,35240.0,25,"{'open': 35073.0, 'high': 35314.85, 'low': 34980.0, 'close': 35092.85}"
2021:06:10 13:44:12 IST +0530,35240.0,25,"{'open': 35073.0, 'high': 35314.85, 'low': 34980.0, 'close': 35092.85}"
2021:06:10 13:44:12 IST +0530,35240.05,25,"{'open': 35073.0, 'high': 35314.85, 'low': 34980.0, 'close': 35092.85}"
2021:06:10 13:44:13 IST +0530,35240.05,25,"{'open': 35073.0, 'high': 35314.85, 'low': 34980.0, 'close': 35092.85}"
2021:06:10 13:44:13 IST +0530,35240.2,25,"{'open': 35073.0, 'high': 35314.85, 'low': 34980.0, 'close': 35092.85}"
2021:06:10 13:44:15 IST +0530,35240.2,25,"{'open': 35073.0, 'high': 35314.85, 'low': 34980.0, 'close': 35092.85}"
2021:06:10 13:44:15 IST +0530,35240.85,25,"{'open': 35073.0, 'high': 35314.85, 'low': 34980.0, 'close': 35092.85}"
2021:06:10 13:44:16 IST +0530,35240.3,25,"{'open': 35073.0, 'high': 35314.85, 'low': 34980.0, 'close': 35092.85}"
2021:06:10 13:44:17 IST +0530,35240.3,25,"{'open': 35073.0, 'high': 35314.85, 'low': 34980.0, 'close': 35092.85}"
2021:06:10 13:44:18 IST +0530,35240.3,25,"{'open': 35073.0, 'high': 35314.85, 'low': 34980.0, 'close': 35092.85}"
2021:06:10 13:44:19 IST +0530,35241.3,25,"{'open': 35073.0, 'high': 35314.85, 'low': 34980.0, 'close': 35092.85}"
2021:06:10 13:44:20 IST +0530,35241.3,25,"{'open': 35073.0, 'high': 35314.85, 'low': 34980.0, 'close': 35092.85}"
2021:06:10 13:44:21 IST +0530,35241.3,25,"{'open': 35073.0, 'high': 35314.85, 'low': 34980.0, 'close': 35092.85}"
2021:06:10 13:44:22 IST +0530,35241.3,25,"{'open': 35073.0, 'high': 35314.85, 'low': 34980.0, 'close': 35092.85}"
2021:06:10 13:44:23 IST +0530,35241.3,25,"{'open': 35073.0, 'high': 35314.85, 'low': 34980.0, 'close': 35092.85}"
2021:06:10 13:44:24 IST +0530,35241.3,25,"{'open': 35073.0, 'high': 35314.85, 'low': 34980.0, 'close': 35092.85}"
2021:06:10 13:44:25 IST +0530,35254.45,25,"{'open': 35073.0, 'high': 35314.85, 'low': 34980.0, 'close': 35092.85}"
2021:06:10 13:44:26 IST +0530,35257.35,25,"{'open': 35073.0, 'high': 35314.85, 'low': 34980.0, 'close': 35092.85}"
2021:06:10 13:44:27 IST +0530,35257.35,25,"{'open': 35073.0, 'high': 35314.85, 'low': 34980.0, 'close': 35092.85}"
2021:06:10 13:44:28 IST +0530,35240.05,25,"{'open': 35073.0, 'high': 35314.85, 'low': 34980.0, 'close': 35092.85}"
2021:06:10 13:44:29 IST +0530,35240.05,25,"{'open': 35073.0, 'high': 35314.85, 'low': 34980.0, 'close': 35092.85}"
2021:06:10 13:44:30 IST +0530,35240.05,25,"{'open': 35073.0, 'high': 35314.85, 'low': 34980.0, 'close': 35092.85}"
2021:06:10 13:44:31 IST +0530,35240.05,25,"{'open': 35073.0, 'high': 35314.85, 'low': 34980.0, 'close': 35092.85}"
2021:06:10 13:44:32 IST +0530,35240.05,25,"{'open': 35073.0, 'high': 35314.85, 'low': 34980.0, 'close': 35092.85}"
2021:06:10 13:44:33 IST +0530,35240.05,25,"{'open': 35073.0, 'high': 35314.85, 'low': 34980.0, 'close': 35092.85}"
2021:06:10 13:44:34 IST +0530,35240.05,25,"{'open': 35073.0, 'high': 35314.85, 'low': 34980.0, 'close': 35092.85}"
2021:06:10 13:44:35 IST +0530,35240.05,25,"{'open': 35073.0, 'high': 35314.85, 'low': 34980.0, 'close': 35092.85}"
2021:06:10 13:44:36 IST +0530,35240.0,25,"{'open': 35073.0, 'high': 35314.85, 'low': 34980.0, 'close': 35092.85}"
2021:06:10 13:44:36 IST +0530,35240.0,25,"{'open': 35073.0, 'high': 35314.85, 'low': 34980.0, 'close': 35092.85}"
2021:06:10 13:44:37 IST +0530,35240.0,25,"{'open': 35073.0, 'high': 35314.85, 'low': 34980.0, 'close': 35092.85}"
2021:06:10 13:44:38 IST +0530,35240.0,25,"{'open': 35073.0, 'high': 35314.85, 'low': 34980.0, 'close': 35092.85}"
2021:06:10 13:44:39 IST +0530,35240.0,25,"{'open': 35073.0, 'high': 35314.85, 'low': 34980.0, 'close': 35092.85}"
2021:06:10 13:44:40 IST +0530,35240.0,25,"{'open': 35073.0, 'high': 35314.85, 'low': 34980.0, 'close': 35092.85}"
2021:06:10 13:44:41 IST +0530,35240.0,25,"{'open': 35073.0, 'high': 35314.85, 'low': 34980.0, 'close': 35092.85}"
2021:06:10 13:44:42 IST +0530,35240.0,25,"{'open': 35073.0, 'high': 35314.85, 'low': 34980.0, 'close': 35092.85}"
2021:06:10 13:44:43 IST +0530,35240.0,25,"{'open': 35073.0, 'high': 35314.85, 'low': 34980.0, 'close': 35092.85}"
2021:06:10 13:44:44 IST +0530,35240.0,25,"{'open': 35073.0, 'high': 35314.85, 'low': 34980.0, 'close': 35092.85}"
2021:06:10 13:44:45 IST +0530,35240.0,25,"{'open': 35073.0, 'high': 35314.85, 'low': 34980.0, 'close': 35092.85}"
2021:06:10 13:44:46 IST +0530,35240.0,25,"{'open': 35073.0, 'high': 35314.85, 'low': 34980.0, 'close': 35092.85}"
2021:06:10 13:44:47 IST +0530,35240.0,25,"{'open': 35073.0, 'high': 35314.85, 'low': 34980.0, 'close': 35092.85}"
2021:06:10 13:44:48 IST +0530,35240.0,25,"{'open': 35073.0, 'high': 35314.85, 'low': 34980.0, 'close': 35092.85}"
2021:06:10 13:44:49 IST +0530,35240.0,25,"{'open': 35073.0, 'high': 35314.85, 'low': 34980.0, 'close': 35092.85}"
2021:06:10 13:44:50 IST +0530,35240.0,25,"{'open': 35073.0, 'high': 35314.85, 'low': 34980.0, 'close': 35092.85}"
2021:06:10 13:44:51 IST +0530,35240.0,25,"{'open': 35073.0, 'high': 35314.85, 'low': 34980.0, 'close': 35092.85}"
2021:06:10 13:44:52 IST +0530,35240.0,25,"{'open': 35073.0, 'high': 35314.85, 'low': 34980.0, 'close': 35092.85}"
2021:06:10 13:44:53 IST +0530,35240.0,25,"{'open': 35073.0, 'high': 35314.85, 'low': 34980.0, 'close': 35092.85}"
2021:06:10 13:44:54 IST +0530,35240.0,25,"{'open': 35073.0, 'high': 35314.85, 'low': 34980.0, 'close': 35092.85}"
2021:06:10 13:44:55 IST +0530,35240.0,25,"{'open': 35073.0, 'high': 35314.85, 'low': 34980.0, 'close': 35092.85}"
2021:06:10 13:44:56 IST +0530,35240.0,25,"{'open': 35073.0, 'high': 35314.85, 'low': 34980.0, 'close': 35092.85}"
2021:06:10 13:44:57 IST +0530,35240.0,25,"{'open': 35073.0, 'high': 35314.85, 'low': 34980.0, 'close': 35092.85}"
2021:06:10 13:44:58 IST +0530,35240.0,25,"{'open': 35073.0, 'high': 35314.85, 'low': 34980.0, 'close': 35092.85}"
2021:06:10 13:44:59 IST +0530,35240.0,25,"{'open': 35073.0, 'high': 35314.85, 'low': 34980.0, 'close': 35092.85}"
2021:06:10 13:45:00 IST +0530,35240.0,25,"{'open': 35073.0, 'high': 35314.85, 'low': 34980.0, 'close': 35092.85}"
2021:06:10 13:45:01 IST +0530,35240.0,25,"{'open': 35073.0, 'high': 35314.85, 'low': 34980.0, 'close': 35092.85}"
2021:06:10 13:45:02 IST +0530,35240.0,25,"{'open': 35073.0, 'high': 35314.85, 'low': 34980.0, 'close': 35092.85}"
2021:06:10 13:45:03 IST +0530,35240.0,25,"{'open': 35073.0, 'high': 35314.85, 'low': 34980.0, 'close': 35092.85}"
2021:06:10 13:45:04 IST +0530,35240.0,25,"{'open': 35073.0, 'high': 35314.85, 'low': 34980.0, 'close': 35092.85}"
2021:06:10 13:45:04 IST +0530,35240.0,25,"{'open': 35073.0, 'high': 35314.85, 'low': 34980.0, 'close': 35092.85}"
2021:06:10 13:45:05 IST +0530,35240.0,25,"{'open': 35073.0, 'high': 35314.85, 'low': 34980.0, 'close': 35092.85}"
2021:06:10 13:45:06 IST +0530,35240.0,25,"{'open': 35073.0, 'high': 35314.85, 'low': 34980.0, 'close': 35092.85}"
2021:06:10 13:45:06 IST +0530,35240.0,25,"{'open': 35073.0, 'high': 35314.85, 'low': 34980.0, 'close': 35092.85}"
2021:06:10 13:45:07 IST +0530,35240.0,25,"{'open': 35073.0, 'high': 35314.85, 'low': 34980.0, 'close': 35092.85}"
2021:06:10 13:45:08 IST +0530,35240.0,25,"{'open': 35073.0, 'high': 35314.85, 'low': 34980.0, 'close': 35092.85}"
2021:06:10 13:45:09 IST +0530,35240.0,25,"{'open': 35073.0, 'high': 35314.85, 'low': 34980.0, 'close': 35092.85}"
2021:06:10 13:45:10 IST +0530,35240.0,25,"{'open': 35073.0, 'high': 35314.85, 'low': 34980.0, 'close': 35092.85}"
2021:06:10 13:45:11 IST +0530,35240.0,25,"{'open': 35073.0, 'high': 35314.85, 'low': 34980.0, 'close': 35092.85}"
2021:06:10 13:45:12 IST +0530,35240.0,25,"{'open': 35073.0, 'high': 35314.85, 'low': 34980.0, 'close': 35092.85}"
2021:06:10 13:45:13 IST +0530,35240.0,25,"{'open': 35073.0, 'high': 35314.85, 'low': 34980.0, 'close': 35092.85}"
2021:06:10 13:45:14 IST +0530,35240.0,25,"{'open': 35073.0, 'high': 35314.85, 'low': 34980.0, 'close': 35092.85}"
2021:06:10 13:45:15 IST +0530,35240.0,25,"{'open': 35073.0, 'high': 35314.85, 'low': 34980.0, 'close': 35092.85}"
2021:06:10 13:45:15 IST +0530,35240.0,25,"{'open': 35073.0, 'high': 35314.85, 'low': 34980.0, 'close': 35092.85}"
2021:06:10 16:14:12 IST +0530,35240.0,25,"{'open': 35073.0, 'high': 35314.85, 'low': 34980.0, 'close': 35092.85}"
